[
  {
    "postID": 0,
    "userID": 2,
    "title": "test",
    "graphic": "https://www.naturschaetze-suedwestfalens.de/var/sauerland/storage/images/media/bilder/naturschaetze/buchfotos/05_p3_laubfrosch-mbd/507661-1-ger-DE/05_P3_Laubfrosch-MBD_front_large.jpg",
    "sound": "hi.mp3",
    "description": "a description",
    "embedPostID": 34,
    "timeCreated": "8:14 PM on May 4 2020",
    "tags": "#random #post #tags"
  },
  {
    "postID": 1,
    "userID": 1,
    "title": "another post",
    "graphic": "",
    "sound": "music.mp3",
    "description": "something something",
    "timeCreated": "8:16 PM on May 4 2020",
    "tags": "#random #post #tags #part2"
  }
]
